지표,값,단위,전일比%,요약
원/달러 환율,1407.45,원,-1.04,원/달러 환율이 1400원대 초반으로 하락했습니다. [출처: 서울외환시장]  미국 기술주 강세로 인한 위험자산 선호 심리가 원화 강세를 유도한 것으로 풀이됩니다. 반면 국내 반도체 주가 하락은 환율 추가 하락을 제한하는 요인으로 작용합니다. 환율 변동이 향후 무역수지에 미칠 구체적인 영향은 현재 데이터만으로는 판단하기 어렵습니다.
코스피,6258.77,pt,-0.6,코스피는 6258.77포인트로 마감하며 0.6% 하락했습니다. 미국 반도체 지수의 상승에도 불구하고 SK하이닉스 등 대형주의 하락세가 지수를 끌어내렸습니다. 금 가격의 급격한 상승은 시장의 안전자산 선호 심리가 강화되었음을 시사합니다. 지수 하락은 특정 종목의 차익 실현 매물이 시장 전반의 상승 동력을 상쇄한 결과로 판단됩니다.
반도체지수 SOX,12356.787,pt,2.56,반도체지수(SOX) 상승은 미국 내 기술주 투자 심리 회복을 의미합니다. 한국 증시의 SK하이닉스 하락 폭과 상반된 흐름입니다. 이는 반도체 업황에 대한 미국과 한국 시장의 시각차가 존재함을 나타냅니다. 장 마감 시점 차이로 인해 즉각적인 동조화는 나타나지 않은 것으로 해석됩니다.
천연가스 (LNG 대리),2.662,USD,0.83,"천연가스 가격은 전일 대비 0.83% 상승한 2.662 USD를 기록했습니다.  이번 상승은 폭염으로 인한 냉방용 전력 수요 증가가 반영된 결과로 보입니다.  다만 유의미한 변동폭은 아니며, 에너지 시장 전반의 공급 과잉 기조는 여전히 유지되고 있습니다."
구리 선물,6.591,USD/lb,-1.44,구리 선물 가격이 하락했습니다. 이는 글로벌 제조업 경기 회복세가 둔화하고 있다는 신호로 해석됩니다. 반도체 등 산업재 수요 감소를 암시하므로 SK하이닉스의 하락세와 연동된 결과로 보입니다. 전일 대비 가격 변동 폭은 -1.44%입니다. [출처: 인베스팅닷컴]
WTI 유가,78.18,USD,1.15,WTI 유가가 전일 대비 1.15% 상승했습니다. 미국 경기 침체 우려가 완화되며 에너지 수요 회복 기대감이 반영된 결과로 해석됩니다. 단기적으로는 중동 지정학적 불안정이 유가 하방을 지지하는 요소입니다. 공급 측면의 변수는 유가 상승 압력을 가중할 것으로 보입니다.
한국전력,35600.0,원,-0.97,"한국전력 주가는 35,600원으로 마감했습니다. [출처: 한국거래소] 국제 에너지 가격 하락에도 불구하고 전기요금 인상 불확실성이 지속되어 투자 심리가 위축된 것으로 해석됩니다. 정부의 요금 결정권이 경영 자율성을 제한하는 구조적 문제가 주가 상승을 억제하는 원인으로 보입니다."
삼성전자,231000.0,원,0.22,삼성전자는 0.22% 상승하며 마감했습니다.  SK하이닉스의 -4.88% 급락과 반도체지수(SOX)의 +2.56% 상승이 상충하며 혼조세를 보인 결과입니다. 반도체 업종 내 종목별 차별화 현상이 심화된 것으로 분석됩니다.
SK하이닉스,1422000.0,원,-4.88,SK하이닉스 주가는 전일 대비 4.88% 하락했습니다. 이는 전날 미국 반도체 지수 상승에도 불구하고 국내 증시의 매도세가 강하게 작용한 결과로 해석됩니다. 반도체 업황에 대한 투자자들의 불안 심리가 반영된 수치입니다. 향후 반도체 가격 흐름에 따라 변동성은 지속될 것으로 보입니다.
엔비디아,223.96,USD,2.27,"엔비디아 주가는 전일 대비 2.27% 상승했습니다. [출처: 뉴욕증시]  필라델피아 반도체지수(SOX, 반도체 관련 30개 기업 주가 지수)가 2.56% 상승하며 반도체 업종 전반에 매수세가 유입된 결과로 보입니다.  국내 SK하이닉스가 4.88% 하락한 것과 대조적인 흐름을 보입니다. 이는 한국 증시와 미국 증시 간의 재료 반영 시차에 따른 개별 기업의 단기 수급 차이로 판단됩니다."
금 선물,4399.7,USD,3.72,금 선물 가격이 3.72% 상승했습니다.  지정학적 리스크 확산에 따른 안전자산 선호 심리가 강화된 결과로 해석됩니다.  단기 변동성이 확대되어 금융 시장의 불확실성이 커졌습니다.
미 10년물 금리,4.66,%,-0.21,"미 10년물 금리가 4.66%로 하락했습니다. 이는 시장의 안전자산 선호 심리가 강화되었음을 시사합니다. 금리 하락에도 불구하고 SK하이닉스가 급락한 것은 반도체 업황에 대한 개별 악재가 거시경제 지표보다 시장에 강하게 작용했기 때문으로 판단됩니다. 미 국채 금리 하락이 성장주인 나스닥 지수에는 호재로 작용하겠으나, 한국 증시와의 시차 및 업종별 차별화로 인해 즉각적인 동조화는 나타나지 않았습니다."
